,video_id,frame_seq,time_seconds,time_datetime,instance_ref,0,1,2,3,4,5,6,7,8,9,10,11,12,13,14,15,16,17,18,19,20,21,22,23,24,25,26,27,28,29,30,31,32,33,34,35,36,37,38,39,40,41,42,43,44,45,46,47,48,49,50,51,52,53,54,55,56,57,58,59,60,61,62,63,64,65,66,67
0,213,0,0.0,0:00:00,0,"(554, 311)","(553, 331)","(555, 352)","(557, 373)","(562, 393)","(572, 411)","(586, 427)","(602, 439)","(621, 445)","(641, 443)","(659, 433)","(674, 420)","(686, 403)","(694, 385)","(700, 365)","(705, 346)","(708, 326)","(571, 294)","(581, 284)","(594, 280)","(608, 283)","(620, 290)","(651, 291)","(664, 286)","(678, 287)","(691, 293)","(697, 306)","(635, 311)","(634, 323)","(632, 334)","(631, 347)","(613, 357)","(621, 360)","(629, 363)","(638, 361)","(646, 359)","(585, 314)","(594, 309)","(604, 310)","(613, 317)","(603, 318)","(593, 317)","(653, 320)","(664, 315)","(673, 316)","(681, 322)","(673, 324)","(663, 323)","(596, 384)","(607, 375)","(620, 372)","(628, 374)","(636, 373)","(647, 378)","(656, 390)","(646, 405)","(634, 411)","(625, 412)","(616, 410)","(605, 401)","(600, 385)","(619, 380)","(627, 381)","(635, 381)","(652, 389)","(635, 399)","(626, 399)","(618, 398)"
1,213,1,0.0333666666666666,0:00:00.033367,0,"(554, 309)","(554, 329)","(555, 349)","(557, 370)","(562, 390)","(571, 408)","(584, 425)","(600, 438)","(620, 445)","(640, 443)","(659, 433)","(674, 420)","(686, 403)","(694, 385)","(700, 365)","(706, 345)","(709, 325)","(572, 293)","(582, 282)","(595, 278)","(609, 280)","(621, 287)","(651, 289)","(664, 284)","(678, 284)","(691, 291)","(697, 303)","(635, 309)","(634, 320)","(633, 331)","(632, 343)","(614, 354)","(621, 357)","(629, 359)","(638, 358)","(646, 357)","(586, 313)","(595, 311)","(605, 311)","(614, 315)","(604, 316)","(594, 316)","(654, 318)","(664, 317)","(673, 318)","(681, 321)","(673, 323)","(663, 322)","(596, 383)","(607, 373)","(619, 368)","(627, 370)","(636, 370)","(647, 376)","(656, 389)","(646, 404)","(634, 411)","(625, 411)","(616, 409)","(604, 400)","(600, 383)","(618, 377)","(627, 378)","(635, 379)","(651, 388)","(635, 397)","(626, 398)","(617, 396)"
2,213,2,0.0667333333333332,0:00:00.066733,0,"(554, 309)","(553, 328)","(554, 349)","(557, 369)","(562, 389)","(573, 407)","(586, 423)","(601, 437)","(620, 444)","(639, 442)","(657, 433)","(673, 420)","(685, 403)","(695, 385)","(701, 365)","(707, 345)","(710, 324)","(573, 290)","(582, 280)","(595, 276)","(609, 278)","(621, 284)","(651, 286)","(664, 281)","(678, 282)","(690, 289)","(697, 302)","(635, 308)","(634, 318)","(633, 328)","(632, 339)","(614, 351)","(621, 354)","(630, 356)","(638, 355)","(646, 354)","(587, 312)","(596, 312)","(605, 312)","(614, 313)","(604, 315)","(595, 315)","(654, 317)","(664, 317)","(673, 319)","(682, 321)","(672, 322)","(663, 321)","(597, 381)","(607, 370)","(620, 365)","(628, 367)","(636, 366)","(648, 373)","(656, 387)","(646, 404)","(634, 411)","(625, 411)","(616, 409)","(604, 400)","(601, 382)","(619, 375)","(627, 375)","(635, 376)","(651, 387)","(635, 396)","(626, 396)","(618, 395)"
3,213,3,0.1000999999999998,0:00:00.100100,0,"(554, 308)","(554, 327)","(555, 348)","(557, 368)","(563, 389)","(573, 407)","(586, 424)","(602, 437)","(621, 444)","(640, 442)","(658, 433)","(673, 419)","(686, 402)","(694, 383)","(701, 363)","(706, 343)","(709, 322)","(573, 287)","(582, 278)","(595, 273)","(609, 275)","(621, 281)","(652, 283)","(665, 279)","(679, 280)","(691, 287)","(697, 299)","(635, 305)","(634, 315)","(633, 325)","(632, 335)","(614, 349)","(622, 351)","(630, 354)","(638, 353)","(646, 351)","(586, 310)","(596, 309)","(605, 309)","(614, 311)","(605, 314)","(595, 314)","(654, 315)","(665, 314)","(674, 316)","(683, 319)","(673, 320)","(664, 319)","(597, 381)","(607, 367)","(620, 362)","(628, 364)","(636, 363)","(648, 370)","(656, 386)","(647, 404)","(635, 411)","(625, 411)","(616, 410)","(605, 400)","(602, 381)","(619, 372)","(627, 373)","(636, 373)","(651, 386)","(635, 398)","(627, 398)","(618, 396)"
4,213,4,0.1334666666666664,0:00:00.133467,0,"(554, 308)","(554, 327)","(555, 348)","(557, 368)","(563, 388)","(572, 407)","(585, 424)","(601, 438)","(621, 444)","(640, 442)","(659, 433)","(674, 419)","(686, 402)","(695, 383)","(702, 364)","(707, 344)","(710, 323)","(573, 286)","(582, 276)","(595, 271)","(609, 273)","(621, 279)","(653, 281)","(666, 276)","(680, 278)","(691, 285)","(698, 297)","(636, 303)","(635, 313)","(634, 322)","(632, 333)","(615, 346)","(622, 349)","(630, 351)","(638, 350)","(646, 349)","(587, 308)","(596, 306)","(605, 306)","(614, 309)","(605, 311)","(596, 311)","(655, 312)","(666, 311)","(675, 313)","(683, 317)","(674, 317)","(665, 316)","(599, 382)","(607, 366)","(620, 360)","(628, 362)","(637, 361)","(649, 369)","(656, 387)","(647, 403)","(635, 410)","(626, 411)","(616, 409)","(605, 400)","(603, 381)","(619, 370)","(628, 371)","(636, 372)","(651, 386)","(636, 396)","(627, 397)","(618, 395)"
5,213,5,0.166833333333333,0:00:00.166833,0,"(555, 307)","(554, 327)","(556, 348)","(558, 368)","(564, 388)","(574, 407)","(587, 424)","(603, 437)","(622, 443)","(642, 441)","(660, 431)","(675, 417)","(687, 401)","(695, 382)","(702, 362)","(707, 342)","(710, 322)","(574, 284)","(583, 274)","(596, 270)","(610, 271)","(622, 277)","(654, 279)","(667, 275)","(680, 276)","(692, 283)","(698, 295)","(636, 301)","(635, 311)","(634, 320)","(633, 331)","(616, 345)","(623, 347)","(631, 349)","(639, 348)","(647, 347)","(587, 306)","(596, 304)","(605, 304)","(614, 307)","(605, 309)","(596, 309)","(656, 310)","(666, 309)","(676, 310)","(683, 314)","(674, 315)","(665, 314)","(600, 381)","(608, 364)","(621, 358)","(629, 359)","(638, 358)","(649, 367)","(656, 385)","(648, 402)","(636, 410)","(627, 410)","(617, 409)","(606, 399)","(604, 380)","(620, 368)","(629, 368)","(637, 369)","(651, 384)","(637, 396)","(628, 396)","(619, 395)"
6,213,6,0.2001999999999996,0:00:00.200200,0,"(555, 306)","(555, 326)","(556, 347)","(559, 367)","(564, 387)","(574, 406)","(587, 422)","(603, 435)","(623, 441)","(643, 439)","(661, 430)","(676, 416)","(688, 400)","(696, 381)","(703, 362)","(708, 342)","(711, 321)","(575, 284)","(584, 274)","(596, 269)","(610, 270)","(622, 276)","(654, 278)","(667, 273)","(681, 275)","(692, 282)","(698, 294)","(637, 299)","(636, 309)","(635, 319)","(634, 329)","(617, 343)","(624, 345)","(632, 348)","(640, 347)","(647, 346)","(588, 305)","(597, 302)","(606, 302)","(615, 306)","(606, 308)","(596, 308)","(656, 309)","(667, 306)","(676, 308)","(684, 313)","(675, 314)","(666, 312)","(601, 380)","(610, 362)","(622, 356)","(630, 358)","(638, 357)","(650, 365)","(656, 384)","(648, 400)","(637, 407)","(627, 407)","(619, 406)","(607, 397)","(606, 379)","(621, 366)","(629, 367)","(638, 367)","(651, 383)","(637, 393)","(629, 393)","(620, 392)"
7,213,7,0.2335666666666662,0:00:00.233567,0,"(554, 306)","(555, 327)","(556, 347)","(559, 367)","(564, 387)","(574, 404)","(588, 420)","(605, 432)","(625, 437)","(644, 435)","(663, 426)","(678, 413)","(690, 397)","(698, 379)","(704, 360)","(708, 340)","(711, 320)","(575, 284)","(584, 273)","(597, 268)","(611, 269)","(623, 276)","(654, 277)","(667, 273)","(681, 274)","(693, 281)","(699, 293)","(638, 299)","(637, 309)","(636, 318)","(635, 328)","(618, 342)","(626, 345)","(633, 347)","(641, 346)","(648, 345)","(588, 304)","(598, 300)","(607, 300)","(616, 305)","(607, 307)","(597, 306)","(657, 308)","(668, 305)","(677, 306)","(685, 312)","(676, 313)","(667, 312)","(602, 377)","(612, 361)","(624, 355)","(631, 357)","(639, 356)","(650, 364)","(657, 382)","(649, 396)","(638, 402)","(629, 402)","(620, 401)","(609, 393)","(607, 376)","(623, 365)","(631, 365)","(639, 366)","(652, 380)","(638, 389)","(630, 389)","(622, 388)"
8,213,8,0.2669333333333328,0:00:00.266933,0,"(555, 305)","(556, 325)","(557, 344)","(559, 364)","(564, 383)","(575, 400)","(589, 415)","(607, 426)","(626, 431)","(646, 428)","(664, 420)","(680, 409)","(691, 394)","(699, 376)","(705, 358)","(709, 339)","(712, 320)","(575, 283)","(584, 273)","(597, 268)","(612, 269)","(624, 275)","(654, 276)","(667, 272)","(682, 274)","(694, 281)","(701, 292)","(639, 298)","(638, 308)","(637, 318)","(636, 328)","(619, 342)","(626, 345)","(634, 347)","(642, 346)","(650, 344)","(589, 303)","(598, 300)","(608, 300)","(617, 305)","(607, 306)","(598, 306)","(658, 308)","(668, 304)","(678, 306)","(686, 311)","(677, 312)","(667, 311)","(603, 373)","(613, 360)","(626, 355)","(633, 356)","(640, 356)","(651, 363)","(659, 378)","(650, 390)","(639, 395)","(630, 395)","(622, 393)","(611, 387)","(608, 373)","(625, 364)","(632, 365)","(640, 365)","(654, 377)","(639, 383)","(631, 383)","(624, 381)"
9,213,9,0.3002999999999994,0:00:00.300300,0,"(555, 305)","(556, 324)","(557, 343)","(559, 362)","(564, 381)","(575, 397)","(590, 409)","(608, 419)","(628, 424)","(648, 422)","(666, 416)","(682, 405)","(693, 391)","(701, 375)","(706, 356)","(711, 338)","(713, 320)","(575, 284)","(584, 273)","(598, 268)","(613, 269)","(625, 275)","(655, 276)","(669, 272)","(683, 274)","(695, 281)","(702, 293)","(640, 298)","(639, 308)","(638, 318)","(637, 328)","(620, 342)","(628, 344)","(635, 347)","(643, 346)","(651, 345)","(589, 303)","(599, 299)","(609, 299)","(618, 304)","(608, 306)","(598, 305)","(659, 307)","(669, 303)","(679, 305)","(687, 310)","(678, 312)","(669, 311)","(605, 370)","(617, 359)","(628, 355)","(634, 357)","(642, 356)","(652, 363)","(662, 376)","(651, 382)","(640, 384)","(632, 384)","(625, 382)","(615, 378)","(611, 370)","(627, 364)","(634, 365)","(641, 366)","(657, 374)","(641, 373)","(633, 372)","(626, 371)"
10,213,10,0.333666666666666,0:00:00.333667,0,"(557, 306)","(557, 325)","(558, 343)","(561, 362)","(566, 381)","(577, 397)","(593, 409)","(611, 419)","(631, 423)","(651, 421)","(669, 414)","(684, 403)","(695, 390)","(702, 373)","(707, 355)","(711, 337)","(713, 319)","(576, 284)","(586, 273)","(599, 268)","(613, 269)","(626, 275)","(656, 275)","(669, 271)","(683, 273)","(695, 280)","(702, 292)","(641, 298)","(640, 308)","(639, 318)","(639, 328)","(621, 343)","(629, 345)","(637, 347)","(645, 346)","(653, 345)","(590, 303)","(600, 299)","(609, 299)","(619, 304)","(609, 306)","(599, 306)","(659, 307)","(670, 303)","(680, 304)","(688, 310)","(679, 311)","(669, 310)","(606, 369)","(618, 359)","(629, 355)","(636, 357)","(644, 356)","(654, 363)","(665, 375)","(653, 379)","(642, 381)","(634, 380)","(627, 379)","(617, 375)","(611, 369)","(628, 365)","(635, 366)","(643, 366)","(659, 373)","(642, 369)","(635, 369)","(628, 367)"
11,213,11,0.3670333333333326,0:00:00.367033,0,"(557, 306)","(558, 325)","(559, 344)","(562, 363)","(567, 381)","(578, 396)","(594, 409)","(613, 418)","(632, 422)","(652, 420)","(670, 413)","(686, 402)","(697, 388)","(704, 371)","(708, 353)","(712, 335)","(715, 317)","(576, 284)","(586, 274)","(599, 268)","(614, 268)","(626, 274)","(657, 275)","(670, 271)","(684, 273)","(696, 280)","(703, 292)","(642, 297)","(641, 308)","(641, 318)","(640, 328)","(622, 343)","(630, 345)","(638, 347)","(646, 346)","(654, 345)","(590, 302)","(600, 298)","(610, 298)","(619, 304)","(610, 305)","(600, 305)","(661, 307)","(671, 302)","(681, 303)","(689, 309)","(681, 311)","(671, 310)","(607, 369)","(619, 359)","(630, 355)","(637, 356)","(644, 356)","(655, 363)","(665, 374)","(654, 379)","(643, 381)","(635, 380)","(628, 379)","(618, 375)","(612, 368)","(629, 365)","(636, 366)","(644, 366)","(660, 373)","(643, 369)","(636, 368)","(629, 367)"
12,213,12,0.4003999999999992,0:00:00.400400,0,"(557, 307)","(558, 325)","(559, 344)","(562, 363)","(568, 382)","(579, 397)","(596, 409)","(614, 418)","(634, 422)","(654, 420)","(672, 412)","(687, 401)","(698, 387)","(704, 370)","(709, 352)","(713, 335)","(715, 317)","(577, 284)","(586, 273)","(599, 268)","(615, 269)","(627, 275)","(656, 276)","(670, 272)","(685, 273)","(697, 281)","(703, 293)","(642, 298)","(642, 308)","(641, 318)","(641, 329)","(623, 343)","(631, 345)","(639, 347)","(647, 346)","(655, 345)","(591, 302)","(600, 298)","(610, 298)","(620, 304)","(610, 306)","(600, 305)","(661, 307)","(671, 302)","(681, 303)","(689, 309)","(681, 311)","(671, 310)","(608, 370)","(620, 360)","(632, 355)","(638, 356)","(646, 356)","(657, 363)","(667, 375)","(655, 381)","(645, 384)","(637, 383)","(629, 382)","(619, 377)","(614, 369)","(631, 365)","(638, 366)","(645, 366)","(662, 373)","(645, 371)","(637, 371)","(631, 370)"
13,213,13,0.4337666666666658,0:00:00.433767,0,"(557, 307)","(558, 325)","(560, 344)","(563, 364)","(569, 382)","(581, 398)","(597, 411)","(616, 421)","(636, 425)","(656, 423)","(674, 414)","(689, 402)","(699, 386)","(705, 369)","(709, 350)","(713, 332)","(714, 314)","(578, 284)","(587, 274)","(600, 269)","(615, 269)","(627, 274)","(658, 274)","(671, 271)","(685, 272)","(697, 279)","(704, 290)","(643, 297)","(643, 308)","(642, 318)","(642, 329)","(624, 343)","(632, 345)","(640, 347)","(648, 346)","(656, 345)","(591, 303)","(601, 299)","(611, 299)","(621, 305)","(611, 306)","(601, 306)","(661, 307)","(672, 302)","(682, 303)","(690, 309)","(681, 311)","(671, 310)","(609, 370)","(621, 360)","(632, 355)","(639, 356)","(646, 356)","(657, 363)","(668, 375)","(657, 383)","(646, 386)","(638, 386)","(631, 384)","(620, 379)","(614, 370)","(632, 364)","(639, 365)","(646, 365)","(663, 374)","(646, 374)","(639, 374)","(632, 372)"
14,213,14,0.4671333333333324,0:00:00.467133,0,"(557, 307)","(558, 326)","(560, 346)","(564, 365)","(570, 383)","(582, 399)","(599, 412)","(617, 421)","(637, 425)","(657, 422)","(674, 414)","(689, 402)","(699, 387)","(705, 369)","(710, 350)","(713, 332)","(714, 314)","(578, 284)","(588, 274)","(601, 269)","(615, 269)","(628, 274)","(658, 274)","(671, 270)","(685, 272)","(697, 279)","(704, 290)","(644, 297)","(644, 308)","(644, 318)","(643, 328)","(625, 343)","(633, 345)","(641, 347)","(649, 346)","(657, 345)","(592, 303)","(602, 299)","(612, 299)","(621, 305)","(611, 306)","(601, 306)","(662, 307)","(672, 302)","(682, 303)","(690, 308)","(681, 311)","(671, 310)","(610, 371)","(622, 360)","(633, 355)","(640, 356)","(647, 356)","(658, 363)","(669, 375)","(658, 384)","(647, 387)","(639, 387)","(632, 386)","(621, 380)","(615, 371)","(633, 364)","(640, 365)","(647, 365)","(664, 374)","(647, 375)","(640, 375)","(633, 374)"
15,213,15,0.5004999999999991,0:00:00.500500,0,"(557, 308)","(559, 327)","(561, 346)","(564, 366)","(571, 384)","(583, 399)","(599, 412)","(619, 422)","(639, 426)","(658, 423)","(676, 414)","(691, 402)","(700, 386)","(706, 369)","(710, 351)","(714, 332)","(715, 314)","(578, 285)","(588, 274)","(601, 269)","(616, 269)","(628, 274)","(659, 274)","(672, 270)","(686, 271)","(698, 278)","(704, 290)","(645, 297)","(645, 308)","(645, 317)","(644, 328)","(627, 343)","(635, 345)","(643, 346)","(651, 345)","(658, 344)","(593, 304)","(602, 299)","(613, 299)","(622, 304)","(612, 307)","(602, 307)","(662, 306)","(672, 301)","(682, 302)","(690, 308)","(682, 311)","(672, 310)","(612, 372)","(623, 360)","(635, 355)","(641, 356)","(649, 355)","(660, 362)","(670, 376)","(659, 386)","(649, 389)","(641, 389)","(633, 387)","(622, 382)","(617, 371)","(634, 364)","(641, 364)","(648, 365)","(664, 375)","(648, 375)","(641, 375)","(634, 374)"
16,213,16,0.5338666666666656,0:00:00.533867,0,"(558, 309)","(559, 328)","(561, 347)","(564, 366)","(571, 385)","(583, 400)","(600, 412)","(620, 421)","(641, 425)","(660, 421)","(678, 412)","(692, 400)","(702, 385)","(707, 368)","(711, 349)","(713, 331)","(715, 313)","(578, 284)","(588, 274)","(601, 269)","(615, 269)","(628, 274)","(660, 273)","(673, 270)","(686, 271)","(698, 278)","(704, 290)","(645, 297)","(645, 307)","(645, 317)","(646, 328)","(627, 343)","(636, 345)","(644, 346)","(652, 345)","(659, 344)","(593, 304)","(602, 299)","(613, 299)","(622, 305)","(612, 307)","(602, 307)","(663, 306)","(673, 301)","(682, 302)","(691, 308)","(682, 310)","(672, 309)","(613, 372)","(624, 360)","(636, 354)","(643, 356)","(651, 355)","(661, 362)","(671, 375)","(661, 385)","(651, 388)","(642, 389)","(635, 387)","(624, 382)","(619, 372)","(636, 364)","(643, 365)","(650, 365)","(665, 374)","(650, 374)","(643, 375)","(636, 374)"
17,213,17,0.5672333333333321,0:00:00.567233,0,"(558, 313)","(559, 331)","(561, 350)","(565, 368)","(572, 386)","(585, 400)","(602, 411)","(622, 420)","(642, 424)","(661, 421)","(678, 412)","(692, 400)","(702, 385)","(707, 368)","(710, 350)","(713, 332)","(714, 314)","(579, 285)","(588, 275)","(601, 269)","(616, 269)","(629, 275)","(660, 274)","(673, 269)","(686, 270)","(698, 277)","(704, 290)","(646, 297)","(646, 307)","(646, 317)","(646, 327)","(628, 343)","(637, 344)","(645, 346)","(653, 345)","(660, 344)","(594, 304)","(603, 299)","(613, 299)","(623, 304)","(613, 307)","(603, 307)","(663, 306)","(673, 301)","(683, 302)","(691, 308)","(683, 310)","(673, 309)","(615, 372)","(626, 360)","(637, 354)","(644, 355)","(651, 354)","(662, 362)","(671, 375)","(662, 384)","(652, 387)","(644, 388)","(636, 386)","(625, 381)","(621, 371)","(637, 363)","(644, 364)","(651, 364)","(666, 374)","(651, 373)","(644, 373)","(637, 372)"
18,213,18,0.6005999999999987,0:00:00.600600,0,"(558, 312)","(559, 331)","(561, 350)","(565, 369)","(573, 386)","(586, 400)","(603, 411)","(622, 420)","(642, 423)","(661, 420)","(679, 410)","(692, 399)","(702, 384)","(707, 367)","(711, 349)","(714, 331)","(715, 312)","(579, 284)","(589, 274)","(602, 269)","(617, 269)","(629, 275)","(660, 274)","(673, 269)","(686, 271)","(698, 277)","(704, 289)","(646, 297)","(646, 308)","(647, 317)","(647, 328)","(629, 343)","(637, 345)","(645, 346)","(653, 345)","(660, 344)","(594, 305)","(603, 300)","(613, 300)","(623, 305)","(613, 307)","(603, 307)","(663, 306)","(673, 301)","(683, 302)","(691, 308)","(683, 310)","(673, 310)","(616, 372)","(626, 360)","(637, 354)","(644, 355)","(652, 354)","(663, 361)","(672, 375)","(663, 383)","(652, 387)","(644, 387)","(636, 386)","(626, 381)","(622, 371)","(637, 363)","(644, 363)","(652, 364)","(667, 374)","(652, 373)","(644, 373)","(637, 372)"
19,213,19,0.6339666666666652,0:00:00.633967,0,"(557, 311)","(558, 331)","(561, 351)","(565, 370)","(572, 388)","(586, 402)","(603, 412)","(624, 421)","(644, 424)","(663, 420)","(680, 411)","(694, 399)","(703, 384)","(708, 366)","(711, 348)","(713, 329)","(714, 311)","(579, 286)","(588, 276)","(601, 270)","(616, 270)","(628, 274)","(660, 273)","(673, 269)","(686, 270)","(698, 277)","(704, 289)","(646, 298)","(646, 308)","(647, 318)","(647, 329)","(630, 344)","(638, 346)","(646, 347)","(653, 346)","(660, 345)","(594, 305)","(603, 300)","(613, 300)","(623, 306)","(613, 308)","(603, 308)","(663, 307)","(673, 302)","(683, 302)","(691, 308)","(683, 311)","(673, 310)","(617, 373)","(628, 361)","(639, 355)","(646, 356)","(654, 355)","(664, 362)","(672, 375)","(664, 384)","(654, 388)","(646, 388)","(638, 387)","(627, 382)","(623, 372)","(639, 365)","(646, 365)","(653, 365)","(667, 374)","(653, 374)","(646, 375)","(639, 374)"
20,213,20,0.6673333333333318,0:00:00.667333,0,"(556, 312)","(558, 331)","(560, 351)","(564, 370)","(572, 388)","(586, 402)","(604, 413)","(624, 421)","(645, 425)","(664, 420)","(680, 410)","(694, 398)","(703, 383)","(707, 366)","(710, 347)","(713, 330)","(713, 312)","(578, 287)","(588, 276)","(601, 271)","(616, 270)","(629, 275)","(660, 274)","(672, 270)","(686, 271)","(698, 278)","(704, 290)","(646, 299)","(646, 309)","(647, 319)","(647, 330)","(629, 345)","(638, 347)","(646, 348)","(653, 347)","(661, 346)","(593, 306)","(603, 301)","(613, 301)","(622, 307)","(613, 309)","(603, 309)","(663, 308)","(673, 302)","(682, 303)","(690, 309)","(682, 311)","(672, 311)","(617, 374)","(628, 363)","(640, 357)","(646, 358)","(653, 357)","(664, 364)","(672, 375)","(664, 384)","(654, 388)","(646, 388)","(639, 387)","(628, 383)","(622, 374)","(639, 368)","(646, 368)","(653, 368)","(667, 375)","(654, 375)","(646, 375)","(640, 374)"
21,213,21,0.7006999999999983,0:00:00.700700,0,"(556, 311)","(557, 330)","(560, 349)","(564, 368)","(571, 386)","(584, 401)","(602, 412)","(623, 421)","(643, 424)","(662, 420)","(679, 410)","(693, 398)","(702, 383)","(707, 366)","(710, 347)","(712, 330)","(712, 312)","(578, 287)","(588, 277)","(601, 272)","(616, 272)","(629, 277)","(659, 276)","(672, 271)","(685, 272)","(697, 279)","(703, 291)","(645, 300)","(646, 310)","(646, 320)","(647, 331)","(629, 346)","(637, 348)","(645, 350)","(653, 348)","(660, 347)","(593, 307)","(602, 302)","(612, 302)","(622, 308)","(612, 310)","(602, 310)","(663, 309)","(672, 304)","(682, 304)","(690, 310)","(682, 312)","(672, 312)","(616, 374)","(628, 366)","(640, 361)","(646, 362)","(652, 361)","(662, 367)","(672, 375)","(662, 384)","(653, 387)","(646, 387)","(639, 386)","(628, 382)","(621, 374)","(639, 372)","(645, 372)","(652, 372)","(667, 375)","(652, 375)","(646, 375)","(640, 374)"
22,213,22,0.7340666666666649,0:00:00.734067,0,"(555, 311)","(556, 330)","(559, 349)","(562, 368)","(569, 386)","(583, 401)","(601, 412)","(621, 421)","(641, 425)","(660, 421)","(677, 412)","(691, 401)","(701, 385)","(705, 367)","(708, 348)","(711, 330)","(711, 312)","(577, 288)","(587, 278)","(600, 272)","(615, 272)","(628, 277)","(658, 277)","(671, 273)","(684, 273)","(696, 280)","(702, 291)","(645, 301)","(645, 311)","(645, 321)","(646, 332)","(628, 348)","(637, 349)","(645, 351)","(652, 349)","(659, 348)","(593, 308)","(603, 305)","(612, 304)","(621, 309)","(612, 311)","(602, 311)","(662, 310)","(671, 306)","(681, 306)","(689, 311)","(680, 313)","(671, 313)","(615, 375)","(628, 368)","(639, 363)","(645, 365)","(651, 363)","(661, 369)","(671, 376)","(661, 384)","(652, 387)","(645, 387)","(638, 386)","(628, 382)","(620, 375)","(639, 374)","(645, 374)","(651, 374)","(666, 376)","(651, 375)","(645, 375)","(639, 374)"
23,213,23,0.7674333333333314,0:00:00.767433,0,"(554, 311)","(556, 330)","(558, 350)","(562, 369)","(569, 388)","(582, 403)","(599, 415)","(619, 424)","(639, 428)","(658, 425)","(675, 415)","(689, 402)","(699, 386)","(704, 367)","(707, 348)","(710, 330)","(711, 312)","(577, 290)","(586, 279)","(600, 273)","(615, 273)","(628, 279)","(657, 279)","(669, 273)","(682, 274)","(694, 281)","(700, 293)","(643, 302)","(644, 313)","(644, 323)","(645, 334)","(627, 349)","(635, 351)","(643, 352)","(651, 351)","(658, 349)","(593, 311)","(603, 309)","(612, 309)","(621, 310)","(612, 313)","(603, 313)","(661, 312)","(671, 311)","(680, 312)","(688, 314)","(679, 316)","(670, 315)","(612, 378)","(625, 370)","(638, 365)","(644, 366)","(650, 365)","(660, 370)","(670, 379)","(660, 387)","(650, 391)","(643, 391)","(636, 390)","(625, 386)","(617, 378)","(637, 375)","(643, 375)","(650, 375)","(665, 379)","(650, 379)","(644, 379)","(637, 379)"
24,213,24,0.800799999999998,0:00:00.800800,0,"(553, 312)","(554, 332)","(557, 351)","(561, 371)","(568, 390)","(581, 406)","(598, 420)","(618, 430)","(638, 435)","(657, 431)","(673, 420)","(687, 406)","(696, 388)","(702, 370)","(705, 350)","(708, 331)","(709, 313)","(576, 290)","(585, 280)","(598, 274)","(613, 274)","(626, 280)","(656, 280)","(668, 275)","(681, 276)","(692, 282)","(699, 293)","(641, 304)","(642, 314)","(642, 324)","(643, 335)","(625, 351)","(633, 352)","(641, 354)","(649, 352)","(656, 351)","(591, 313)","(601, 312)","(610, 312)","(619, 312)","(610, 315)","(601, 315)","(659, 313)","(669, 314)","(678, 315)","(686, 316)","(677, 318)","(668, 317)","(610, 381)","(623, 371)","(635, 366)","(642, 367)","(649, 366)","(659, 372)","(668, 382)","(659, 393)","(649, 398)","(641, 398)","(634, 397)","(622, 392)","(616, 381)","(635, 377)","(642, 377)","(649, 377)","(663, 382)","(649, 385)","(642, 386)","(635, 385)"
25,213,25,0.8341666666666645,0:00:00.834167,0,"(552, 311)","(553, 331)","(555, 351)","(560, 371)","(567, 390)","(580, 407)","(596, 420)","(615, 432)","(635, 436)","(654, 432)","(670, 421)","(684, 407)","(694, 390)","(701, 372)","(705, 353)","(708, 334)","(708, 314)","(573, 291)","(583, 281)","(596, 275)","(611, 276)","(624, 282)","(655, 281)","(667, 276)","(680, 276)","(692, 282)","(698, 293)","(639, 305)","(640, 316)","(640, 326)","(640, 337)","(623, 352)","(631, 354)","(639, 355)","(647, 354)","(654, 352)","(589, 314)","(599, 312)","(608, 312)","(617, 313)","(608, 316)","(598, 316)","(658, 314)","(668, 313)","(677, 314)","(685, 316)","(676, 318)","(667, 317)","(608, 382)","(620, 372)","(632, 366)","(639, 368)","(646, 366)","(656, 372)","(666, 383)","(656, 396)","(646, 400)","(638, 401)","(631, 400)","(619, 394)","(614, 382)","(632, 377)","(639, 377)","(646, 378)","(660, 383)","(646, 387)","(639, 387)","(632, 386)"
26,213,26,0.867533333333331,0:00:00.867533,0,"(552, 316)","(553, 335)","(556, 354)","(559, 374)","(567, 392)","(579, 408)","(595, 422)","(614, 433)","(634, 437)","(654, 433)","(670, 422)","(684, 408)","(693, 392)","(699, 374)","(703, 355)","(706, 337)","(707, 318)","(572, 293)","(582, 282)","(595, 277)","(610, 278)","(622, 284)","(653, 282)","(665, 277)","(678, 278)","(690, 284)","(696, 296)","(638, 306)","(638, 317)","(638, 328)","(638, 340)","(621, 353)","(629, 355)","(637, 357)","(644, 356)","(652, 354)","(588, 314)","(597, 311)","(606, 311)","(615, 313)","(606, 316)","(597, 316)","(656, 315)","(666, 312)","(675, 313)","(683, 316)","(674, 318)","(665, 318)","(607, 383)","(618, 373)","(630, 368)","(637, 369)","(644, 368)","(654, 374)","(664, 385)","(655, 396)","(645, 401)","(637, 401)","(629, 400)","(618, 395)","(612, 383)","(629, 379)","(636, 379)","(644, 379)","(659, 385)","(644, 387)","(637, 387)","(630, 386)"
27,213,27,0.9008999999999976,0:00:00.900900,0,"(551, 313)","(552, 333)","(555, 353)","(558, 372)","(565, 391)","(577, 408)","(593, 421)","(612, 432)","(632, 436)","(652, 432)","(669, 422)","(682, 408)","(692, 391)","(697, 373)","(701, 355)","(705, 337)","(706, 318)","(569, 294)","(579, 283)","(593, 278)","(608, 278)","(621, 285)","(650, 285)","(663, 280)","(677, 281)","(690, 287)","(697, 298)","(636, 308)","(636, 319)","(636, 330)","(636, 342)","(619, 355)","(627, 357)","(635, 359)","(643, 357)","(650, 355)","(585, 313)","(594, 310)","(604, 310)","(613, 314)","(604, 316)","(594, 316)","(654, 315)","(664, 312)","(674, 313)","(682, 316)","(673, 319)","(664, 318)","(604, 384)","(615, 374)","(627, 369)","(634, 370)","(642, 369)","(652, 375)","(662, 385)","(652, 397)","(642, 401)","(634, 402)","(626, 401)","(615, 395)","(610, 383)","(627, 379)","(634, 379)","(642, 379)","(656, 385)","(642, 388)","(634, 388)","(627, 387)"
28,213,28,0.9342666666666641,0:00:00.934267,0,"(550, 312)","(551, 332)","(554, 352)","(557, 371)","(564, 390)","(576, 407)","(591, 421)","(610, 432)","(630, 436)","(650, 433)","(667, 422)","(680, 408)","(691, 392)","(697, 374)","(701, 355)","(705, 337)","(706, 318)","(568, 294)","(578, 283)","(591, 278)","(606, 279)","(619, 285)","(649, 285)","(662, 281)","(676, 281)","(689, 287)","(696, 298)","(634, 308)","(634, 320)","(634, 331)","(634, 342)","(617, 356)","(625, 358)","(633, 360)","(641, 358)","(648, 356)","(583, 313)","(593, 309)","(603, 309)","(612, 314)","(602, 317)","(592, 316)","(653, 316)","(663, 312)","(673, 312)","(681, 317)","(673, 320)","(662, 319)","(602, 384)","(613, 375)","(625, 370)","(632, 371)","(640, 370)","(650, 376)","(660, 386)","(650, 397)","(640, 402)","(632, 403)","(624, 401)","(613, 396)","(608, 384)","(625, 380)","(632, 381)","(639, 381)","(655, 386)","(640, 389)","(632, 389)","(625, 388)"
29,213,29,0.9676333333333307,0:00:00.967633,0,"(550, 312)","(551, 332)","(553, 352)","(557, 372)","(563, 391)","(575, 408)","(590, 422)","(609, 433)","(629, 438)","(649, 434)","(666, 424)","(679, 410)","(689, 394)","(696, 376)","(700, 357)","(704, 338)","(705, 319)","(568, 295)","(577, 284)","(591, 279)","(605, 280)","(618, 286)","(648, 286)","(661, 281)","(675, 281)","(688, 287)","(695, 299)","(633, 309)","(633, 321)","(633, 332)","(633, 344)","(616, 357)","(623, 359)","(631, 361)","(639, 359)","(647, 357)","(583, 313)","(592, 309)","(602, 309)","(611, 315)","(601, 317)","(591, 317)","(652, 317)","(662, 311)","(672, 312)","(680, 317)","(672, 320)","(662, 320)","(602, 385)","(613, 376)","(624, 371)","(630, 372)","(637, 371)","(648, 377)","(658, 387)","(648, 398)","(638, 402)","(630, 403)","(623, 402)","(612, 396)","(607, 385)","(623, 382)","(630, 382)","(637, 382)","(652, 387)","(638, 389)","(631, 390)","(624, 388)"
30,213,30,1.0009999999999972,0:00:01.001000,0,"(549, 313)","(550, 333)","(552, 353)","(556, 372)","(562, 392)","(574, 408)","(589, 422)","(608, 433)","(628, 438)","(647, 435)","(665, 424)","(678, 411)","(688, 394)","(695, 376)","(699, 358)","(703, 339)","(704, 320)","(567, 295)","(576, 284)","(590, 279)","(605, 281)","(617, 287)","(647, 287)","(660, 282)","(674, 282)","(686, 288)","(694, 300)","(632, 310)","(632, 321)","(632, 333)","(631, 345)","(614, 358)","(622, 360)","(630, 362)","(638, 360)","(646, 358)","(582, 314)","(591, 309)","(601, 309)","(610, 316)","(600, 317)","(590, 317)","(651, 317)","(661, 312)","(671, 312)","(679, 318)","(671, 321)","(660, 320)","(601, 386)","(612, 377)","(623, 372)","(630, 373)","(637, 372)","(647, 378)","(656, 388)","(647, 398)","(637, 402)","(630, 403)","(622, 402)","(612, 396)","(607, 386)","(622, 383)","(629, 383)","(636, 383)","(651, 388)","(637, 389)","(630, 389)","(623, 388)"
31,213,31,1.0343666666666638,0:00:01.034367,0,"(549, 313)","(549, 332)","(552, 352)","(555, 371)","(561, 390)","(572, 407)","(587, 421)","(606, 433)","(626, 438)","(646, 435)","(664, 425)","(678, 411)","(688, 395)","(694, 377)","(699, 358)","(703, 339)","(704, 320)","(566, 295)","(576, 284)","(589, 280)","(604, 281)","(617, 287)","(647, 287)","(659, 283)","(674, 282)","(686, 288)","(694, 299)","(631, 310)","(631, 322)","(631, 333)","(630, 345)","(613, 358)","(621, 360)","(629, 363)","(637, 361)","(645, 359)","(581, 314)","(590, 309)","(600, 309)","(610, 316)","(600, 318)","(589, 318)","(650, 318)","(660, 312)","(670, 312)","(679, 318)","(670, 322)","(660, 321)","(600, 386)","(611, 378)","(622, 373)","(628, 375)","(635, 373)","(645, 379)","(655, 389)","(645, 398)","(635, 402)","(628, 402)","(621, 401)","(611, 395)","(606, 386)","(622, 384)","(628, 384)","(635, 384)","(650, 388)","(635, 388)","(629, 389)","(622, 387)"
